{
    "021.txt": 3.1029331998798377,
    "030.txt": 3.1029331998798377,
    "035.txt": 3.1029331998798377,
    "055.txt": 3.1029331998798377,
    "112.txt": 3.1029331998798377,
    "163.txt": 3.1029331998798377,
    "246.txt": 3.1029331998798377,
    "247.txt": 3.1029331998798377,
    "258.txt": 3.1029331998798377,
    "264.txt": 3.1029331998798377,
    "269.txt": 3.1029331998798377,
    "313.txt": 3.1029331998798377,
    "315.txt": 3.1029331998798377,
    "436.txt": 3.1029331998798377,
    "449.txt": 3.1029331998798377,
    "479.txt": 3.1029331998798377,
    "503.txt": 3.1029331998798377,
    "551.txt": 6.2058663997596755
}