{
    "017.txt": 0.4342440726582077,
    "018.txt": 1.7369762906328308,
    "021.txt": 0.4342440726582077,
    "023.txt": 4.952209124222531,
    "024.txt": 0.8684881453164154,
    "026.txt": 0.8684881453164154,
    "027.txt": 0.4342440726582077,
    "028.txt": 0.4342440726582077,
    "029.txt": 0.4342440726582077,
    "030.txt": 0.4342440726582077,
    "031.txt": 1.302732217974623,
    "032.txt": 0.4342440726582077,
    "033.txt": 0.4342440726582077,
    "035.txt": 0.4342440726582077,
    "040.txt": 1.7369762906328308,
    "042.txt": 0.4342440726582077,
    "043.txt": 0.4342440726582077,
    "050.txt": 0.8684881453164154,
    "051.txt": 0.4342440726582077,
    "052.txt": 0.4342440726582077,
    "055.txt": 3.908196653923869,
    "057.txt": 3.1143204217180114,
    "059.txt": 0.8684881453164154,
    "061.txt": 24.55493121419644,
    "062.txt": 0.8684881453164154,
    "063.txt": 1.302732217974623,
    "064.txt": 0.4342440726582077,
    "066.txt": 0.8684881453164154,
    "067.txt": 26.726151577487478,
    "068.txt": 0.8684881453164154,
    "071.txt": 8.83410527938527,
    "072.txt": 1.302732217974623,
    "081.txt": 1.302732217974623,
    "084.txt": 0.4342440726582077,
    "087.txt": 4.083720978906115,
    "090.txt": 0.4342440726582077,
    "091.txt": 1.302732217974623,
    "093.txt": 0.4342440726582077,
    "095.txt": 1.302732217974623,
    "097.txt": 0.8684881453164154,
    "098.txt": 4.851296712350843,
    "102.txt": 8.47447311983762,
    "105.txt": 1.302732217974623,
    "106.txt": 0.4342440726582077,
    "107.txt": 1.302732217974623,
    "109.txt": 0.4342440726582077,
    "110.txt": 0.4342440726582077,
    "111.txt": 0.8684881453164154,
    "113.txt": 0.8684881453164154,
    "117.txt": 0.4342440726582077,
    "118.txt": 1.302732217974623,
    "123.txt": 1.302732217974623,
    "126.txt": 0.8684881453164154,
    "129.txt": 6.228640843436023,
    "130.txt": 0.4342440726582077,
    "131.txt": 2.1712203632910385,
    "133.txt": 0.4342440726582077,
    "134.txt": 0.4342440726582077,
    "135.txt": 0.4342440726582077,
    "136.txt": 0.4342440726582077,
    "137.txt": 1.7369762906328308,
    "138.txt": 0.8684881453164154,
    "143.txt": 0.4342440726582077,
    "144.txt": 0.4342440726582077,
    "146.txt": 0.4342440726582077,
    "147.txt": 0.8684881453164154,
    "149.txt": 0.4342440726582077,
    "150.txt": 0.4342440726582077,
    "151.txt": 0.4342440726582077,
    "154.txt": 0.4342440726582077,
    "156.txt": 0.4342440726582077,
    "159.txt": 0.8684881453164154,
    "160.txt": 0.4342440726582077,
    "161.txt": 0.8684881453164154,
    "162.txt": 0.4342440726582077,
    "163.txt": 9.193737438932919,
    "173.txt": 0.4342440726582077,
    "174.txt": 1.302732217974623,
    "175.txt": 1.302732217974623,
    "177.txt": 1.302732217974623,
    "179.txt": 0.8684881453164154,
    "182.txt": 0.4342440726582077,
    "183.txt": 0.4342440726582077,
    "184.txt": 0.4342440726582077,
    "186.txt": 0.4342440726582077,
    "188.txt": 1.302732217974623,
    "190.txt": 0.4342440726582077,
    "193.txt": 0.4342440726582077,
    "194.txt": 0.8684881453164154,
    "195.txt": 1.302732217974623,
    "196.txt": 0.4342440726582077,
    "198.txt": 0.4342440726582077,
    "199.txt": 0.4342440726582077,
    "200.txt": 0.8684881453164154,
    "204.txt": 1.7369762906328308,
    "215.txt": 7.198041400624127,
    "219.txt": 0.4342440726582077,
    "220.txt": 0.4342440726582077,
    "221.txt": 0.4342440726582077,
    "222.txt": 0.4342440726582077,
    "225.txt": 3.982808567034427,
    "226.txt": 0.4342440726582077,
    "228.txt": 0.8684881453164154,
    "229.txt": 0.4342440726582077,
    "230.txt": 0.4342440726582077,
    "232.txt": 1.302732217974623,
    "236.txt": 0.4342440726582077,
    "237.txt": 0.4342440726582077,
    "240.txt": 0.4342440726582077,
    "241.txt": 0.8684881453164154,
    "243.txt": 0.4342440726582077,
    "244.txt": 0.8684881453164154,
    "246.txt": 3.4739525812656615,
    "249.txt": 0.4342440726582077,
    "250.txt": 0.8684881453164154,
    "251.txt": 1.302732217974623,
    "252.txt": 3.1143204217180114,
    "253.txt": 0.4342440726582077,
    "254.txt": 1.302732217974623,
    "256.txt": 0.4342440726582077,
    "259.txt": 0.4342440726582077,
    "260.txt": 0.4342440726582077,
    "261.txt": 0.4342440726582077,
    "262.txt": 4.517965051564323,
    "264.txt": 0.4342440726582077,
    "265.txt": 0.8684881453164154,
    "266.txt": 0.8684881453164154,
    "267.txt": 43.31546565761507,
    "269.txt": 1.302732217974623,
    "270.txt": 0.4342440726582077,
    "274.txt": 1.302732217974623,
    "276.txt": 0.4342440726582077,
    "277.txt": 0.4342440726582077,
    "278.txt": 0.8684881453164154,
    "279.txt": 0.4342440726582077,
    "280.txt": 0.4342440726582077,
    "281.txt": 0.8684881453164154,
    "282.txt": 1.302732217974623,
    "284.txt": 0.8684881453164154,
    "287.txt": 0.4342440726582077,
    "289.txt": 3.1143204217180114,
    "292.txt": 0.4342440726582077,
    "293.txt": 0.4342440726582077,
    "294.txt": 1.302732217974623,
    "296.txt": 0.4342440726582077,
    "297.txt": 11.588793541555631,
    "298.txt": 0.4342440726582077,
    "299.txt": 0.8684881453164154,
    "301.txt": 1.302732217974623,
    "302.txt": 1.7369762906328308,
    "304.txt": 0.8684881453164154,
    "306.txt": 0.8684881453164154,
    "307.txt": 0.4342440726582077,
    "308.txt": 0.4342440726582077,
    "309.txt": 0.8684881453164154,
    "310.txt": 3.1143204217180114,
    "311.txt": 0.4342440726582077,
    "312.txt": 0.8684881453164154,
    "313.txt": 0.4342440726582077,
    "318.txt": 1.302732217974623,
    "321.txt": 0.8684881453164154,
    "324.txt": 0.8684881453164154,
    "326.txt": 1.7369762906328308,
    "329.txt": 0.4342440726582077,
    "330.txt": 1.7369762906328308,
    "332.txt": 0.4342440726582077,
    "333.txt": 0.8684881453164154,
    "335.txt": 0.4342440726582077,
    "336.txt": 1.302732217974623,
    "337.txt": 0.4342440726582077,
    "341.txt": 0.4342440726582077,
    "345.txt": 4.083720978906115,
    "346.txt": 0.4342440726582077,
    "350.txt": 1.7369762906328308,
    "355.txt": 0.4342440726582077,
    "356.txt": 0.8684881453164154,
    "357.txt": 8.47447311983762,
    "358.txt": 0.8684881453164154,
    "359.txt": 1.7369762906328308,
    "361.txt": 0.8684881453164154,
    "364.txt": 0.4342440726582077,
    "365.txt": 0.8684881453164154,
    "368.txt": 1.302732217974623,
    "369.txt": 1.302732217974623,
    "370.txt": 6.947905162531323,
    "380.txt": 1.302732217974623,
    "381.txt": 1.302732217974623,
    "383.txt": 0.8684881453164154,
    "385.txt": 0.8684881453164154,
    "386.txt": 0.4342440726582077,
    "388.txt": 0.4342440726582077,
    "390.txt": 0.8684881453164154,
    "391.txt": 0.8684881453164154,
    "392.txt": 0.8684881453164154,
    "394.txt": 0.4342440726582077,
    "398.txt": 0.8684881453164154,
    "400.txt": 0.4342440726582077,
    "402.txt": 0.8684881453164154,
    "403.txt": 4.517965051564323,
    "404.txt": 0.4342440726582077,
    "405.txt": 1.302732217974623,
    "408.txt": 0.4342440726582077,
    "412.txt": 0.8684881453164154,
    "413.txt": 0.8684881453164154,
    "415.txt": 0.8684881453164154,
    "417.txt": 0.4342440726582077,
    "418.txt": 0.4342440726582077,
    "422.txt": 0.4342440726582077,
    "424.txt": 1.302732217974623,
    "425.txt": 0.8684881453164154,
    "430.txt": 1.302732217974623,
    "431.txt": 3.039708508607454,
    "434.txt": 0.8684881453164154,
    "436.txt": 1.302732217974623,
    "437.txt": 0.4342440726582077,
    "438.txt": 0.8684881453164154,
    "442.txt": 3.1143204217180114,
    "443.txt": 0.4342440726582077,
    "446.txt": 0.4342440726582077,
    "449.txt": 9.119125525822362,
    "459.txt": 1.302732217974623,
    "460.txt": 0.4342440726582077,
    "463.txt": 1.302732217974623,
    "471.txt": 0.4342440726582077,
    "472.txt": 1.7369762906328308,
    "475.txt": 1.302732217974623,
    "476.txt": 0.8684881453164154,
    "477.txt": 0.8684881453164154,
    "480.txt": 2.605464435949246,
    "485.txt": 0.8684881453164154,