{
    "267.txt": 42.88122158495686,
    "287.txt": 28.3019126991881,
    "061.txt": 24.120687141538234,
    "067.txt": 24.120687141538234,
    "126.txt": 23.584927249323417,
    "183.txt": 23.584927249323417,
    "213.txt": 23.584927249323417,
    "071.txt": 19.51110904771366,
    "017.txt": 18.867941799458734,
    "297.txt": 15.437290846103899,
    "181.txt": 14.15095634959405,
    "540.txt": 14.15095634959405,
    "102.txt": 12.757214497044096,
    "085.txt": 9.433970899729367,
    "231.txt": 9.433970899729367,
    "317.txt": 9.433970899729367,
    "392.txt": 9.433970899729367,
    "449.txt": 9.433970899729367,
    "503.txt": 9.433970899729367,
    "509.txt": 9.433970899729367,
    "511.txt": 9.433970899729367,
    "357.txt": 8.040229047179412,
    "163.txt": 7.397061798924487,
    "252.txt": 7.397061798924487,
    "129.txt": 5.360152698119608,
    "411.txt": 5.360152698119608,
    "514.txt": 4.948759890378168,
    "556.txt": 4.948759890378168,
    "047.txt": 4.7169854498646835,
    "058.txt": 4.7169854498646835,
    "088.txt": 4.7169854498646835,
    "100.txt": 4.7169854498646835,
    "107.txt": 4.7169854498646835,
    "122.txt": 4.7169854498646835,
    "196.txt": 4.7169854498646835,
    "226.txt": 4.7169854498646835,
    "230.txt": 4.7169854498646835,
    "348.txt": 4.7169854498646835,
    "353.txt": 4.7169854498646835,
    "365.txt": 4.7169854498646835,
    "485.txt": 4.7169854498646835,
    "495.txt": 4.7169854498646835,
    "504.txt": 4.7169854498646835,
    "513.txt": 4.7169854498646835,
    "541.txt": 4.7169854498646835,
    "552.txt": 4.7169854498646835,
    "558.txt": 4.7169854498646835,
    "049.txt": 2.680076349059804,
    "057.txt": 2.680076349059804,
    "098.txt": 2.680076349059804,
    "121.txt": 2.680076349059804,
    "180.txt": 2.680076349059804,
    "187.txt": 2.680076349059804,
    "215.txt": 2.680076349059804,
    "225.txt": 2.680076349059804,
    "286.txt": 2.680076349059804,
    "289.txt": 2.680076349059804,
    "295.txt": 2.680076349059804,
    "310.txt": 2.680076349059804,
    "323.txt": 2.680076349059804,
    "442.txt": 2.680076349059804,
    "445.txt": 2.680076349059804,
    "550.txt": 2.680076349059804,
    "557.txt": 2.680076349059804,
    "018.txt": 0,
    "019.txt": 0,
    "020.txt": 0,
    "021.txt": 0,
    "023.txt": 0,
    "024.txt": 0,
    "025.txt": 0,
    "026.txt": 0,
    "027.txt": 0,
    "028.txt": 0,
    "029.txt": 0,
    "030.txt": 0,
    "031.txt": 0,
    "032.txt": 0,
    "033.txt": 0,
    "034.txt": 0,
    "035.txt": 0,
    "036.txt": 0,
    "040.txt": 0,
    "042.txt": 0,
    "043.txt": 0,
    "045.txt": 0,
    "048.txt": 0,
    "050.txt": 0,
    "051.txt": 0,
    "052.txt": 0,
    "053.txt": 0,
    "054.txt": 0,
    "055.txt": 0,
    "059.txt": 0,
    "060.txt": 0,
    "062.txt": 0,
    "063.txt": 0,
    "064.txt": 0,
    "065.txt": 0,
    "066.txt": 0,
    "068.txt": 0,
    "069.txt": 0,
    "070.txt": 0,
    "072.txt": 0,
    "081.txt": 0,
    "082.txt": 0,
    "083.txt": 0,
    "084.txt": 0,
    "086.txt": 0,
    "087.txt": 0,
    "090.txt": 0,
    "091.txt": 0,
    "092.txt": 0,
    "093.txt": 0,
    "094.txt": 0,
    "095.txt": 0,
    "096.txt": 0,
    "097.txt": 0,
    "099.txt": 0,
    "101.txt": 0,
    "104.txt": 0,
    "105.txt": 0,
    "106.txt": 0,
    "108.txt": 0,
    "109.txt": 0,
    "110.txt": 0,
    "111.txt": 0,
    "112.txt": 0,
    "113.txt": 0,
    "115.txt": 0,
    "116.txt": 0,
    "117.txt": 0,
    "118.txt": 0,
    "119.txt": 0,
    "120.txt": 0,
    "123.txt": 0,
    "128.txt": 0,
    "130.txt": 0,
    "131.txt": 0,
    "133.txt": 0,
    "134.txt": 0,
    "135.txt": 0,
    "136.txt": 0,
    "137.txt": 0,
    "138.txt": 0,
    "140.txt": 0,
    "143.txt": 0,
    "144.txt": 0,
    "145.txt": 0,
    "146.txt": 0,
    "147.txt": 0,
    "148.txt": 0,
    "149.txt": 0,
    "150.txt": 0,
    "151.txt": 0,
    "152.txt": 0,
    "153.txt": 0,
    "154.txt": 0,
    "155.txt": 0,
    "156.txt": 0,
    "157.txt": 0,
    "158.txt": 0,
    "159.txt": 0,
    "160.txt": 0,
    "161.txt": 0,
    "162.txt": 0,
    "170.txt": 0,
    "171.txt": 0,
    "172.txt": 0,
    "173.txt": 0,
    "174.txt": 0,
    "175.txt": 0,
    "176.txt": 0,
    "177.txt": 0,
    "178.txt": 0,
    "179.txt": 0,
    "182.txt": 0,
    "184.txt": 0,
    "185.txt": 0,
    "186.txt": 0,
    "188.txt": 0,
    "189.txt": 0,
    "190.txt": 0,
    "191.txt": 0,
    "192.txt": 0,
    "193.txt": 0,
    "194.txt": 0,
    "195.txt": 0,
    "197.txt": 0,
    "198.txt": 0,
    "199.txt": 0,
    "200.txt": 0,
    "201.txt": 0,
    "202.txt": 0,
    "203.txt": 0,
    "204.txt": 0,
    "214.txt": 0,
    "217.txt": 0,
    "218.txt": 0,
    "219.txt": 0,
    "220.txt": 0,
    "221.txt": 0,
    "222.txt": 0,
    "223.txt": 0,
    "224.txt": 0,
    "227.txt": 0,
    "228.txt": 0,
    "229.txt": 0,
    "232.txt": 0,
    "234.txt": 0,
    "235.txt": 0,
    "236.txt": 0,
    "237.txt": 0,
    "238.txt": 0,
    "239.txt": 0,
    "240.txt": 0,
    "241.txt": 0,
    "242.txt": 0,
    "243.txt": 0,
    "244.txt": 0,
    "245.txt": 0,
    "246.txt": 0,
    "247.txt": 0,
    "248.txt": 0,
    "249.txt": 0,
    "250.txt": 0,
    "251.txt": 0,
    "253.txt": 0,
    "254.txt": 0,
    "255.txt": 0,
    "256.txt": 0,
    "257.txt": 0,
    "258.txt": 0,
    "259.txt": 0,
    "260.txt": 0,
    "261.txt": 0,
    "262.txt": 0,
    "263.txt": 0,
    "264.txt": 0,
    "265.txt": 0,
    "266.txt": 0,
    "268.txt": 0,
    "269.txt": 0,
    "270.txt": 0,
    "272.txt": 0,
    "273.txt": 0,
    "274.txt": 0,
    "275.txt": 0,
    "276.txt": 0,
    "277.txt": 0,
    "278.txt": 0,
    "279.txt": 0,
    "280.txt": 0,
    "281.txt": 0,
    "282.txt": 0,
    "283.txt": 0,
    "284.txt": 0,
    "285.txt": 0,
    "288.txt": 0,
    "292.txt": 0,
    "293.txt": 0,
    "294.txt": 0,
    "296.txt": 0,
    "298.txt": 0,
    "299.txt": 0,
    "300.txt": 0,
    "301.txt": 0,
    "302.txt": 0,
    "303.txt": 0,
    "304.txt": 0,
    "305.txt": 0,
    "306.txt": 0,
    "307.txt": 0,
    "308.txt": 0,
    "309.txt": 0,
    "311.txt": 0,
    "312.txt": 0,
    "313.txt": 0,
    "315.txt": 0,
    "318.txt": 0,
    "319.txt": 0,
    "320.txt": 0,
    "321.txt": 0,
    "322.txt": 0,
    "324.txt": 0,
    "326.txt": 0,
    "329.txt": 0,
    "330.txt": 0,
    "331.txt": 0,
    "332.txt": 0,
    "333.txt": 0,
    "334.txt": 0,
    "335.txt": 0,
    "336.txt": 0,
    "337.txt": 0,
    "341.txt": 0,
    "342.txt": 0,
    "345.txt": 0,
    "346.txt": 0,
    "347.txt": 0,
    "350.txt": 0,
    "351.txt": 0,
    "354.txt": 0,
    "355.txt": 0,
    "356.txt": 0,
    "358.txt": 0,
    "359.txt": 0,
    "361.txt": 0,
    "363.txt": 0,
    "364.txt": 0,
    "367.txt": 0,
    "368.txt": 0,
    "369.txt": 0,
    "370.txt": 0,
    "380.txt": 0,
    "381.txt": 0,
    "382.txt": 0,
    "383.txt": 0,
    "384.txt": 0,
    "385.txt": 0,
    "386.txt": 0,
    "388.txt": 0,
    "389.txt": 0,
    "390.txt": 0,
    "391.txt": 0,
    "394.txt": 0,
    "396.txt": 0,
    "398.txt": 0,
    "399.txt": 0,
    "400.txt": 0,
    "401.txt": 0,
    "402.txt": 0,
    "403.txt": 0,
    "404.txt": 0,
    "405.txt": 0,
    "406.txt": 0,
    "407.txt": 0,
    "408.txt": 0,
    "412.txt": 0,
    "413.txt": 0,
    "414.txt": 0,
    "415.txt": 0,
    "417.txt": 0,
    "418.txt": 0,
    "422.txt": 0,
    "424.txt": 0,
    "425.txt": 0,
    "426.txt": 0,
    "427.txt": 0,
    "430.txt": 0,
    "431.txt": 0,
    "434.txt": 0,
    "436.txt": 0,
    "437.txt": 0,
    "438.txt": 0,
    "443.txt": 0,
    "444.txt": 0,
    "446.txt": 0,
    "459.txt": 0,
    "460.txt": 0,
    "461.txt": 0,
    "462.txt": 0,
    "463.txt": 0,
    "464.txt": 0,
    "470.txt": 0,
    "471.txt": 0,
    "472.txt": 0,
    "473.txt": 0,
    "475.txt": 0,
    "476.txt": 0,
    "477.txt": 0,
    "478.txt": 0,
    "479.txt": 0,
    "480.txt": 0,
    "487.txt": 0,
    "490.txt": 0,
    "491.txt": 0,
    "492.txt": 0,
    "493.txt": 0,
    "494.txt": 0,
    "496.txt": 0,
    "497.txt": 0,
    "498.txt": 0,
    "501.txt": 0,
    "502.txt": 0,
    "507.txt": 0,